User,Subfolder,No_of_Emails
arnold-j,notes_inbox,84
arnold-j,enron_europe,1
arnold-j,personal,5
arnold-j,2000_conference,3
arnold-j,vulcan_signs,3
arnold-j,deleted_items,723
arnold-j,tasks,14
arnold-j,sarah_joy_hunter,1
arnold-j,bristol_babcock,2
arnold-j,inbox,142
arnold-j,active_international,1
arnold-j,sap,3
arnold-j,hp,13
arnold-j,discussion_threads,401
arnold-j,kinko_s,4
arnold-j,fedex,6
arnold-j,nepco_europe,2
arnold-j,purchasing,1
arnold-j,etol,3
arnold-j,bridge,2
arnold-j,human_resources,1
arnold-j,nepco,1
arnold-j,computer_associates,1
arnold-j,sent_items,723
arnold-j,sent,816
arnold-j,oec,1
arnold-j,avaya,5
arnold-j,dell,1
arnold-j,ebs,3
arnold-j,compaq,13
arnold-j,_sent_mail,814
arnold-j,weekly_report,1
arnold-j,cooper_cameron,1
arnold-j,pcc_values,2
arnold-j,corestaff,2
arnold-j,ge,1
arnold-j,colleen_koenig,2
arnold-j,sonoco,1
arnold-j,bmc,16
arnold-j,sparefinders_com,1
arnold-j,requisite,4
arnold-j,all_documents,1047
arnold-j,ees,1
arnold-j,universal_studios,8
arnold-j,sony,6
arnold-j,continental_airlines,12
phanis-s,deleted_items,17
phanis-s,inbox,12
phanis-s,contacts,2
phanis-s,sent_items,4
lavorato-j,notes_inbox,57
lavorato-j,personal,72
lavorato-j,_hedgefunds,2
lavorato-j,to_do,6
lavorato-j,deleted_items,715
lavorato-j,gas,2
lavorato-j,calendar,167
lavorato-j,inbox,277
lavorato-j,transport,1
lavorato-j,discussion_threads,416
lavorato-j,pulp,2
lavorato-j,sent_items,674
lavorato-j,ecr,1
lavorato-j,var,1
lavorato-j,sent,650
lavorato-j,comp,6
lavorato-j,controls,6
lavorato-j,_sent_mail,544
lavorato-j,powereast,12
lavorato-j,old_inbox,120
lavorato-j,prc,2
lavorato-j,weather,4
lavorato-j,phone_numbers,5
lavorato-j,powerwest,11
lavorato-j,jean,6
lavorato-j,systems,3
lavorato-j,southamerica,10
lavorato-j,offsite,15
lavorato-j,all_documents,853
lavorato-j,coal,2
lavorato-j,california,17
lavorato-j,canada,2
lavorato-j,analyst_associate,24
stclair-c,notes_inbox,53
stclair-c,reliant_energy,7
stclair-c,personal,10
stclair-c,inland,3
stclair-c,power_e_mails,46
stclair-c,mega_morgan_assignment,6
stclair-c,isda_matters,7
stclair-c,ees_matters,16
stclair-c,sent,1328
stclair-c,important_e_mails,18
stclair-c,engage_e_mails,2
stclair-c,eei_collateral_annex,4
stclair-c,all_documents,1523
stclair-c,smud_e_mails,7
townsend-j,notes_inbox,33
townsend-j,to_do,2
townsend-j,deleted_items,132
townsend-j,inbox,243
townsend-j,discussion_threads,76
townsend-j,sent_items,16
townsend-j,sent,32
townsend-j,_sent_mail,34
townsend-j,all_documents,78
forney-j,to_do,1
forney-j,deleted_items,117
forney-j,tasks,1
forney-j,inbox,178
forney-j,sent_items,432
symes-k,notes_inbox,31
symes-k,corporate_comm,254
symes-k,real_time,1
symes-k,ferc,11
symes-k,discussion_threads,3065
symes-k,scheduling,37
symes-k,econ_201,5
symes-k,human_resources,29
symes-k,confirms,52
symes-k,it,111
symes-k,power_marketer,136
symes-k,sent,1326
symes-k,rainy_day,125
symes-k,_sent_mail,1323
symes-k,ctpy_contacts,3
symes-k,origination,3
symes-k,deal_communication,1
symes-k,all_documents,3221
symes-k,services,1
symes-k,pending,4
reitmeyer-j,deleted_items,88
reitmeyer-j,inbox,352
reitmeyer-j,sent_items,57
reitmeyer-j,jay_s_saved_stuff,1
hyatt-k,personal,166
hyatt-k,to_do,64
hyatt-k,deleted_items,647
hyatt-k,tasks,5
hyatt-k,inbox,54
hyatt-k,power_conf,24
hyatt-k,training,3
hyatt-k,projects,64
hyatt-k,contacts,5
hyatt-k,sent_items,321
hyatt-k,tw,25
hyatt-k,corp_memos,29
hyatt-k,enron_kids,28
hyatt-k,market_intel,47
steffes-j,spp,1
steffes-j,to_do,24
steffes-j,ga_fundamentals,2
steffes-j,ontario_nug,2
steffes-j,alliance_rto,2
steffes-j,aga_storage_report,1
steffes-j,illinois,1
steffes-j,ferc,2
steffes-j,deleted_items,655
steffes-j,tasks,1
steffes-j,us_sup_ct_case,1
steffes-j,inbox,482
steffes-j,eisb_ubr,1
steffes-j,rto,32
steffes-j,granite_ii,4
steffes-j,passwords,2
steffes-j,credit_issues,79
steffes-j,important_information,4
steffes-j,contacts,1
steffes-j,security___collateral,28
steffes-j,competition_messages,1
steffes-j,sent_items,1379
steffes-j,electric_reports,2
steffes-j,eol,6
steffes-j,ferc_reporting_reqts,1
steffes-j,top_10_issues_6_1_01,6
steffes-j,environmental,1
steffes-j,california_issues,317
steffes-j,michigan,1
steffes-j,creditworthiness,3
steffes-j,arizona,1
steffes-j,show_cause,1
steffes-j,ees_mgmt,18
steffes-j,mbr___market_power,1
steffes-j,nerc,35
steffes-j,structured_supply,1
steffes-j,caem,3
steffes-j,nat_gas,6
steffes-j,fed_legis_2001,2
steffes-j,wholesale_policy_reform,3
steffes-j,marketing_affiliate_matters,2
steffes-j,gas_issues,3
steffes-j,texas,18
steffes-j,midwest_retail_delivery,1
steffes-j,clinton_energy,1
steffes-j,bush_transition,1
steffes-j,pennsylvania,1
steffes-j,icap_policy,1
steffes-j,notre_dame,10
steffes-j,congress,6
steffes-j,cftc,5
steffes-j,nevada,4
steffes-j,gu_recruiting,4
steffes-j,2001_mid_year_prc,7
kaminski-v,notes_inbox,223
kaminski-v,accounting,1
kaminski-v,personal,281
kaminski-v,poland,9
kaminski-v,credit,65
kaminski-v,ut,76
kaminski-v,ferc,3
kaminski-v,deleted_items,1792
kaminski-v,uh,7
kaminski-v,tasks,1
kaminski-v,calendar,62
kaminski-v,inbox,560
kaminski-v,universities,367
kaminski-v,discussion_threads,5550
kaminski-v,gpg,19
kaminski-v,azurix,0
kaminski-v,rice,175
kaminski-v,stanford,76
kaminski-v,publications,4
kaminski-v,australia,112
kaminski-v,fasb133,6
kaminski-v,sent_items,1696
kaminski-v,resumes,547
kaminski-v,var,110
kaminski-v,eci,1
kaminski-v,sent,3463
kaminski-v,pjm,17
kaminski-v,esai,25
kaminski-v,sites,30
kaminski-v,_sent_mail,3464
kaminski-v,presentations,21
kaminski-v,audit,7
kaminski-v,consultants,44
kaminski-v,cera,28
kaminski-v,duffie,5
kaminski-v,evaluation,57
kaminski-v,london,195
kaminski-v,weather,21
kaminski-v,conferences,223
kaminski-v,untitledmartin,8
kaminski-v,ei,51
kaminski-v,newsletter,14
kaminski-v,all_documents,7174
kaminski-v,ees,23
kaminski-v,c,0
kaminski-v,risk,54
kaminski-v,technical,7
kaminski-v,rac,1
wolfe-j,saved_11,3
wolfe-j,deleted_items,108
wolfe-j,tasks,1
wolfe-j,calendar,6
wolfe-j,inbox,348
wolfe-j,05_saved,64
wolfe-j,discussion_threads,196
wolfe-j,07_saved,98
wolfe-j,sent_items,93
wolfe-j,06_saved,113
wolfe-j,saved_04,66
wolfe-j,saved_03,48
wolfe-j,saved_02,33
wolfe-j,saved_12,16
wolfe-j,08_saved,34
wolfe-j,09_saved,42
wolfe-j,10_saved,89
wolfe-j,all_documents,197
wolfe-j,saved_01,32
mcconnell-m,puerto_rico,1
mcconnell-m,notes_inbox,120
mcconnell-m,enhome,7
mcconnell-m,crude_and_products,1
mcconnell-m,misc,133
mcconnell-m,personal,2
mcconnell-m,vision___values,3
mcconnell-m,to_do,68
mcconnell-m,tw_accounts,0
mcconnell-m,deleted_items,102
mcconnell-m,tasks,5
mcconnell-m,metals,1
mcconnell-m,calendar,46
mcconnell-m,inbox,100
mcconnell-m,discussion_threads,697
mcconnell-m,garcia_munte,11
mcconnell-m,art_committee,10
mcconnell-m,project_grandslam,1
mcconnell-m,org__announc_,21
mcconnell-m,middle_east,4
mcconnell-m,enroncredit_com,1
mcconnell-m,art,12
mcconnell-m,gaza,4
mcconnell-m,lng,15
mcconnell-m,contacts,2
mcconnell-m,articles,19
mcconnell-m,sent_items,110
mcconnell-m,insurance_risk,4
mcconnell-m,var,5
mcconnell-m,project_sato,1
mcconnell-m,first_gas,7
mcconnell-m,freight,2
mcconnell-m,sent,816
mcconnell-m,jblock,1
mcconnell-m,japan,2
mcconnell-m,saudi_arabia_project,3
mcconnell-m,synfuel,1
mcconnell-m,_sent_mail,815
mcconnell-m,atlantis,1
mcconnell-m,presentations,15
mcconnell-m,supply_chain,2
mcconnell-m,project_dolphin,3
mcconnell-m,julie_ferrara,2
mcconnell-m,webmodal,3
mcconnell-m,project_jose,4
mcconnell-m,india,1
mcconnell-m,house,5
mcconnell-m,project_springbok,1
mcconnell-m,dpc_lng,8
mcconnell-m,weather,7
mcconnell-m,jdf,10
mcconnell-m,connect_deletes,1
mcconnell-m,s_america,3
mcconnell-m,house___new,4
mcconnell-m,misc_tw,43
mcconnell-m,ou,8
mcconnell-m,i2,1
mcconnell-m,transamonia,5
mcconnell-m,legal,1
mcconnell-m,tw_projects,0
mcconnell-m,all_documents,1150
mcconnell-m,coal,7
mcconnell-m,ees,1
mcconnell-m,investments,1
mcconnell-m,bergseiker,1
skilling-j,notes_inbox,244
skilling-j,deleted_items,483
skilling-j,calendar,2
skilling-j,inbox,1252
skilling-j,discussion_threads,652
skilling-j,contacts,2
skilling-j,sent_items,54
skilling-j,mark,55
skilling-j,sent,276
skilling-j,_sent_mail,275
skilling-j,all_documents,834
zipper-a,to_do,1
zipper-a,deleted_items,542
zipper-a,tasks,1
zipper-a,emetra,8
zipper-a,calendar,29
zipper-a,espeed,13
zipper-a,inbox,223
zipper-a,discussion_threads,58
zipper-a,kiodex,33
zipper-a,reuters,1
zipper-a,contacts,1
zipper-a,charges,24
zipper-a,sent_items,348
zipper-a,eol,1
zipper-a,sent,2
zipper-a,tq,27
zipper-a,natsource,1
zipper-a,tradecounts,61
zipper-a,origination,15
zipper-a,hs,30
zipper-a,nymex,2
zipper-a,tss,23
zipper-a,all_documents,63
zipper-a,associate_prc,3
zipper-a,offline,2
zipper-a,broker_client,51
shively-h,misc,20
shively-h,to_do,5
shively-h,deleted_items,596
shively-h,tasks,4
shively-h,calendar,21
shively-h,inbox,143
shively-h,discussion_threads,195
shively-h,peoples_hedges,7
shively-h,contacts,17
shively-h,sent_items,128
shively-h,sent,273
shively-h,_sent_mail,282
shively-h,prc,2
shively-h,all_documents,296
donoho-l,outbox,1
donoho-l,deleted_items,114
donoho-l,tasks,2
donoho-l,inbox,200
donoho-l,sent_items,217
sanchez-m,deleted_items,61
sanchez-m,calendar,2
sanchez-m,inbox,67
sanchez-m,discussion_threads,4
sanchez-m,sent_items,102
sanchez-m,private_folders,0
sanchez-m,all_documents,4
delainey-d,notes_inbox,26
delainey-d,deleted_items,9
delainey-d,inbox,22
delainey-d,discussion_threads,785
delainey-d,sent_items,59
delainey-d,sent,880
delainey-d,_sent_mail,875
delainey-d,all_documents,910
germany-c,notes_inbox,92
germany-c,personal,57
germany-c,to_do,1
germany-c,deleted_items,345
germany-c,tasks,1
germany-c,calendar,19
germany-c,inbox,326
germany-c,transport,161
germany-c,memos,46
germany-c,sap,6
germany-c,discussion_threads,1992
germany-c,appala,104
germany-c,ces_pending,1
germany-c,contacts,14
germany-c,sent_items,1353
germany-c,insideferc,2
germany-c,eol,2
germany-c,sent,2116
germany-c,ces,390
germany-c,takeover,5
germany-c,new_power,54
germany-c,_sent_mail,1659
germany-c,notes,0
germany-c,whatever,31
germany-c,calp_hopewell,7
germany-c,ces_resolved,4
germany-c,book_issues,7
germany-c,ogelthorpe,8
germany-c,performance,3
germany-c,traderr_tools,4
germany-c,systems,19
germany-c,bankrupt,82
germany-c,all_documents,3027
germany-c,vng,20
germany-c,pending,5
whalley-l,notes_inbox,650
whalley-l,tasks,3
whalley-l,ecommerce,7
whalley-l,discussion_threads,961
whalley-l,contacts,7
whalley-l,sent,233
whalley-l,_sent_mail,219
whalley-l,connect_deletes,172
whalley-l,all_documents,1083
buy-r,notes_inbox,29
buy-r,personal,0
buy-r,to_do,1
buy-r,deleted_items,110
buy-r,tasks,1
buy-r,helsinki,7
buy-r,calendar,32
buy-r,inbox,1143
buy-r,discussion_threads,139
buy-r,contacts,1
buy-r,sent_items,390
buy-r,sent,179
buy-r,_sent_mail,165
buy-r,connect_deletes,3
buy-r,all_documents,228
harris-s,deleted_items,492
harris-s,inbox,56
tholt-j,notes_inbox,28
tholt-j,deleted_items,244
tholt-j,inbox,85
tholt-j,discussion_threads,245
tholt-j,janie,226
tholt-j,sent_items,248
tholt-j,sent,218
tholt-j,_sent_mail,218
tholt-j,all_documents,373
cash-m,notes_inbox,57
cash-m,personal,22
cash-m,ibuyit,14
cash-m,n_form,14
cash-m,star_wars,1
cash-m,deleted_items,466
cash-m,daishowa,2
cash-m,meeting_invites_confirms,23
cash-m,inbox,342
cash-m,ethics_ljm_notre_dame,10
cash-m,play_group,1
cash-m,contacts,6
cash-m,project_50,2
cash-m,sent_items,545
cash-m,ei_execs,8
cash-m,garden_state_paper,5
cash-m,sent,583
cash-m,msa_revisions,1
cash-m,resumes_for_recruiting,13
cash-m,general_research,22
cash-m,hr_risk_management,5
cash-m,phone_lists,4
cash-m,data_protection,5
cash-m,prc,10
cash-m,outlook_migration,7
cash-m,connect_deletes,2
cash-m,organizational_announcements,26
cash-m,all_documents,726
cash-m,bankruptcy,3
sanders-r,notes_inbox,363
sanders-r,agency_com,5
sanders-r,pca,11
sanders-r,misc,64
sanders-r,px,68
sanders-r,personal_addresses,5
sanders-r,kafus,25
sanders-r,senator_dunn_inv_,89
sanders-r,deleted_items,521
sanders-r,pacific_valour,20
sanders-r,metals,15
sanders-r,calendar,36
sanders-r,inbox,80
sanders-r,stationery,1
sanders-r,tva,8
sanders-r,pacific_virgo,48
sanders-r,ees_neg_ctc,22
sanders-r,iso__pricecaps,420
sanders-r,contacts,6
sanders-r,sent_items,403
sanders-r,bastos,5
sanders-r,sent,1632
sanders-r,doj__grynberg__quinque,2
sanders-r,gleason__sound,4
sanders-r,private_folders,0
sanders-r,infineum,5
sanders-r,project_stanley,31
sanders-r,ecogas,30
sanders-r,sempra,23
sanders-r,annex_5,4
sanders-r,india,5
sanders-r,duke,24
sanders-r,radack,20
sanders-r,heof_intrust,10
sanders-r,tenaska,46
sanders-r,all_documents,3035
sanders-r,recruiting,25
sanders-r,international,23
sanders-r,nsm,119
sanders-r,monetization_el_paso,7
staab-t,corporate,14
staab-t,personal,28
staab-t,deleted_items,284
staab-t,tasks,2
staab-t,inbox,90
staab-t,unify,5
staab-t,mark_whitt,6
staab-t,contract_bids,14
staab-t,crestone,14
staab-t,to_do_list,17
staab-t,sent_items,96
staab-t,accounting_issues,3
staab-t,lost_creek,10
staab-t,post_bankruptcy,6
staab-t,psco,8
staab-t,desert_power,3
staab-t,citizens,21
semperger-c,keep_all_e_mail___,1
semperger-c,deleted_items,362
semperger-c,tasks,3
semperger-c,calendar,11
semperger-c,inbox,16
semperger-c,scheduling,29
semperger-c,contacts,1
semperger-c,sent_items,265
semperger-c,stuff,19
semperger-c,special,5
semperger-c,settlements_issues,4
semperger-c,renewable_power,1
semperger-c,travel,4
mccarty-d,to_do,1
mccarty-d,deleted_items,254
mccarty-d,calendar,68
mccarty-d,inbox,74
mccarty-d,contacts,2
mccarty-d,sent_items,172
mclaughlin-e,notes_inbox,61
mclaughlin-e,deleted_items,428
mclaughlin-e,tasks,1
mclaughlin-e,calendar,20
mclaughlin-e,inbox,303
mclaughlin-e,monthly_pma_s,6
mclaughlin-e,discussion_threads,567
mclaughlin-e,eol___tagg,164
mclaughlin-e,contacts,2
mclaughlin-e,sent_items,107
mclaughlin-e,sent,284
mclaughlin-e,_sent_mail,284
mclaughlin-e,private_folders,0
mclaughlin-e,gossett,84
mclaughlin-e,greg_couch,5
mclaughlin-e,all_documents,720
mclaughlin-e,prepays_structured_deals,7
mclaughlin-e,security_request,40
ring-a,notes_inbox,8
ring-a,deleted_items,137
ring-a,inbox,81
ring-a,discussion_threads,89
ring-a,sent_items,28
ring-a,sent,113
ring-a,_sent_mail,127
ring-a,all_documents,123
stokley-c,chris_stokley,0
hain-m,notes_inbox,878
hain-m,my_personal,5
hain-m,discussion_threads,1230
hain-m,_sent_mail,360
hain-m,all_documents,1347
weldon-c,associate,6
weldon-c,deleted_items,271
weldon-c,freestone,2
weldon-c,kern,7
weldon-c,calendar,3
weldon-c,inbox,41
weldon-c,discussion_threads,199
weldon-c,ft__pierce,64
weldon-c,abraxas,2
weldon-c,lng,2
weldon-c,training,7
weldon-c,unocal,2
weldon-c,southern_lng,6
weldon-c,contacts,1
weldon-c,it,10
weldon-c,austin_energy,3
weldon-c,ed,2
weldon-c,sent_items,190
weldon-c,kcs,25
weldon-c,eol,6
weldon-c,sent,184
weldon-c,citibank,9
weldon-c,misc__gas_issues,11
weldon-c,rotation_1,0
weldon-c,ut_mba,15
weldon-c,misc_,43
weldon-c,_sent_mail,82
weldon-c,private_folders,0
weldon-c,stagecoach,13
weldon-c,midway,2
weldon-c,highland,6
weldon-c,prc,2
weldon-c,national_fuel,6
weldon-c,friends,14
weldon-c,project_orange,2
weldon-c,all_documents,304
weldon-c,neumin,5
ring-r,outbox,1
ring-r,deleted_items,286
ring-r,inbox,85
ring-r,eesiisonewengland,10
ring-r,eesidealsgsaregion1,37
ring-r,sent_items,51
ring-r,eesiisonewyork,4
ring-r,eesiphysicalpowerdelivery,6
ring-r,eesiisopjm,38
ring-r,eesi_deleted_documents,59
ring-r,eesimarketstexas,2
ring-r,personalfolder,118
ring-r,eesirenewableenergy,296
farmer-d,notes_inbox,7
farmer-d,personal,321
farmer-d,sitara,20
farmer-d,cornhusker,67
farmer-d,tufco,609
farmer-d,deleted_items,378
farmer-d,calendar,14
farmer-d,inbox,85
farmer-d,transport,9
farmer-d,discussion_threads,3387
farmer-d,unify,37
farmer-d,contracts,18
farmer-d,contacts,1
farmer-d,wellhead,339
farmer-d,sent_items,258
farmer-d,resumes,27
farmer-d,eol,13
farmer-d,pipelines,12
farmer-d,sent,710
farmer-d,ces,141
farmer-d,storage,2
farmer-d,first_delivery,10
farmer-d,term_proposals,18
farmer-d,_sent_mail,747
farmer-d,hpl_sale,2
farmer-d,pan_energy_swap,164
farmer-d,industrials,236
farmer-d,cleburne_plant____cornhusker_,148
farmer-d,enron_news,134
farmer-d,performance,10
farmer-d,all_documents,3660
farmer-d,waha,7
farmer-d,bids___offers,5
farmer-d,logistics,1192
farmer-d,entex,102
farmer-d,volume_management,1
farmer-d,bankruptcy,23
farmer-d,frontera,10
sager-e,notes_inbox,741
sager-e,deleted_items,133
sager-e,calendar,50
sager-e,inbox,736
sager-e,elizabeth_sager,17
sager-e,contacts,11
sager-e,sent_items,415
sager-e,ees_matters,6
sager-e,sent,1061
sager-e,sager___general,42
sager-e,enron___general,3
sager-e,epmi___power,61
sager-e,all_documents,1916
zufferli-j,deleted_items,118
zufferli-j,calendar,7
zufferli-j,inbox,48
zufferli-j,discussion_threads,2
zufferli-j,sent_items,338
zufferli-j,all_documents,2
ybarbo-p,procaribe,50
ybarbo-p,cabot,3
ybarbo-p,hoegh_galleon,16
ybarbo-p,deleted_items,114
ybarbo-p,calendar,8
ybarbo-p,inbox,612
ybarbo-p,ecoelectrica,57
ybarbo-p,discussion_threads,79
ybarbo-p,transwestern,11
ybarbo-p,dabhol,21
ybarbo-p,contacts,7
ybarbo-p,sent_items,117
ybarbo-p,sent,13
ybarbo-p,ad_gas,5
ybarbo-p,eco___cond__of_use,15
ybarbo-p,sempra,4
ybarbo-p,oman_lng,17
ybarbo-p,dabhol___cond__of_use,8
ybarbo-p,all_documents,97
ybarbo-p,enron_lng,37
watson-k,paris,13
watson-k,tw_weekly_report,9
watson-k,industry_mentions,19
watson-k,girls,3
watson-k,deleted_items,422
watson-k,desert_crossing_storage,1
watson-k,san_juan_expansion,2
watson-k,operational_sales,27
watson-k,inbox,500
watson-k,sap,1
watson-k,top_shippers,3
watson-k,aquila_red_lake_storage,2
watson-k,gri_jan_1996,1
watson-k,pba_s,1
watson-k,enron_online,8
watson-k,holidays,1
watson-k,tw_hedges,1
watson-k,on_call_schedule,2
watson-k,capacity_release,15
watson-k,funny,1
watson-k,tw_options_sales_program,2
watson-k,sent_items,971
watson-k,red_rock,1
watson-k,kingman_heat_recovery,1
watson-k,rm_science_review,5
watson-k,order_637,3
watson-k,pemex_trans_pecos,15
watson-k,drafts__lotus_notes_,1
watson-k,daily_balancing_report,23
watson-k,ethink,1
watson-k,mike_reynolds,1
watson-k,capacity,4
watson-k,customer_list,2
watson-k,nymex_prices,10
watson-k,sun_devil_expansion,1
watson-k,account_assignments,1
watson-k,dra,1
watson-k,pros,1
watson-k,usgt,2
watson-k,elpaso_pipeline,24
watson-k,business_objects,1
watson-k,credit_union,1
watson-k,glen_hass,6
watson-k,tw_cas,1
watson-k,e_mail_bin,614
watson-k,negotiated_rates,3
watson-k,interconnect_agreement_sample,1
watson-k,payroll_electronic_directions,1
watson-k,alternate_delivery_by_price,1
watson-k,italy,10
watson-k,tw_outages,18
watson-k,keyex_1997,2
watson-k,nng,1
watson-k,tw_rate_matrix,3
watson-k,weather,1
watson-k,questar,35
watson-k,expense_rpts__1997,6
watson-k,contact_emp__list,9
watson-k,rm_work_order,21
watson-k,park__n_ride,5
watson-k,vinson___elkins,2
watson-k,agave,5
watson-k,tw_throughput_analysis,1
watson-k,big_sandy___caithness,20
watson-k,citizens,3
watson-k,tw_imbalances,14
watson-k,california,61
watson-k,socalgas,1
watson-k,strategic_model,1
dasovich-j,notes_inbox,7194
dasovich-j,risk_analytics,3
dasovich-j,personal,52
dasovich-j,gas_accord,1
dasovich-j,boomerang,2
dasovich-j,commercial_opportunities_task_force,4
dasovich-j,to_do,3
dasovich-j,mba__finance_study_group,2
dasovich-j,deleted_items,1564
dasovich-j,mba_program,71
dasovich-j,cross_border_task_force,6
dasovich-j,mba__quant,28
dasovich-j,calendar,5
dasovich-j,inbox,1387
dasovich-j,mba__finance,9
dasovich-j,mba__macroeconomics,51
dasovich-j,water,1
dasovich-j,roseman_creek,1
dasovich-j,mba__advanced_finance,9
dasovich-j,pg_e_pbr,2
dasovich-j,california_crisis__press,46
dasovich-j,sent_items,1436
dasovich-j,speeches,1
dasovich-j,eci,140
dasovich-j,mba__financial_reporting,21
dasovich-j,sent,3930
dasovich-j,pg_e_hydro_sale,12
dasovich-j,edson,1
dasovich-j,dell,1
dasovich-j,csu_fresno,14
dasovich-j,billing_issues,1
dasovich-j,mba__analysis_of_financial_information,4
dasovich-j,gspp_conference,24
dasovich-j,ab_1890_group,11
dasovich-j,market_structure__task_force,1
dasovich-j,mba__accounting,7
dasovich-j,telecom,2
dasovich-j,interconnection,19
dasovich-j,general_rate_case_s_,7
dasovich-j,administrative,24
dasovich-j,mba__managerial_accting,3
dasovich-j,mba__e_commerce,34
dasovich-j,mexico,2
dasovich-j,mba__marketing,11
dasovich-j,wptf,16
dasovich-j,benefits,1
dasovich-j,resco,11
dasovich-j,legislation,16
dasovich-j,energymarketplace,3
dasovich-j,distributed_generation,34
dasovich-j,ofos,11
dasovich-j,cfee,4
dasovich-j,data,6
dasovich-j,all_documents,11896
dasovich-j,california_crisis,20
dasovich-j,renewables,3
dasovich-j,press_releases,3
dasovich-j,magruder,1
dasovich-j,jennifer,1
dasovich-j,natural_gas_strategy,27
dasovich-j,mba__mpar,1
dasovich-j,budget,13
dasovich-j,edwards_air_force,14
arora-h,deleted_items,197
arora-h,inbox,79
arora-h,discussion_threads,57
arora-h,vanderbilt,10
arora-h,drafts,2
arora-h,funny,1
arora-h,sent_items,68
arora-h,savedmail,90
arora-h,sent,9
arora-h,presentations,1
arora-h,all_documents,65
slinger-r,deleted_items,35
slinger-r,inbox,49
slinger-r,sent_items,48
martin-t,deleted_items,205
martin-t,calendar,38
martin-t,inbox,465
martin-t,discussion_threads,60
martin-t,tom_s_docs,18
martin-t,contacts,8
martin-t,sent_items,229
martin-t,sent,1
martin-t,_sent_mail,23
martin-t,all_documents,65
storey-g,personal,65
storey-g,estate,18
storey-g,fundies,1
storey-g,deleted_items,327
storey-g,calendar,7
storey-g,inbox,133
storey-g,discussion_threads,65
storey-g,tcpl,24
storey-g,netco,22
storey-g,drafts,1
storey-g,it,86
storey-g,sent_items,138
storey-g,_sent_mail,13
storey-g,ring_trades,15
storey-g,govt,15
storey-g,central,19
storey-g,credit_rings,9
storey-g,all_documents,68
storey-g,canada,1
ruscitti-k,notes_inbox,52
ruscitti-k,research,1
ruscitti-k,options,2
ruscitti-k,to_do,8
ruscitti-k,deleted_items,143
ruscitti-k,nov00_mar01_deals,1
ruscitti-k,inbox,277
ruscitti-k,discussion_threads,253
ruscitti-k,michcon,3
ruscitti-k,pictures,22
ruscitti-k,eol_rqsts,3
ruscitti-k,resume,1
ruscitti-k,alliance,1
ruscitti-k,sent_items,73
ruscitti-k,ml7_eol_product,2
ruscitti-k,resumes,2
ruscitti-k,sithe,1
ruscitti-k,enron_dynegy,2
ruscitti-k,emailaddresses,48
ruscitti-k,eol,3
ruscitti-k,sent,155
ruscitti-k,ces,45
ruscitti-k,billing_issues,2
ruscitti-k,expense_system,1
ruscitti-k,_sent_mail,175
ruscitti-k,gas_deals,1
ruscitti-k,prc,1
ruscitti-k,benefits,1
ruscitti-k,company_options,1
ruscitti-k,rotation,1
ruscitti-k,all_documents,351
ruscitti-k,vector,2
ruscitti-k,travel,3
ruscitti-k,recruiting,2
ruscitti-k,eolml7,4
shankman-j,personal,33
shankman-j,deleted_items,841
shankman-j,calendar,17
shankman-j,inbox,129
shankman-j,global_mkts,9
shankman-j,discussion_threads,549
shankman-j,sent_items,59
shankman-j,sent,1025
shankman-j,old_email,64
shankman-j,saved_mail,27
shankman-j,bks,2
shankman-j,all_documents,1084
schwieger-j,outbox,2
schwieger-j,personal,110
schwieger-j,deleted_items,200
schwieger-j,calendar,13
schwieger-j,inbox,42
schwieger-j,discussion_threads,81
schwieger-j,credit_issues,3
schwieger-j,sent_items,151
schwieger-j,bammel_stg,30
schwieger-j,hpl_sell,21
schwieger-j,all_documents,85
perlingiere-d,notes_inbox,31
perlingiere-d,deleted_items,369
perlingiere-d,calendar,1
perlingiere-d,inbox,90
perlingiere-d,temporary_export_certificates,1
perlingiere-d,e_mail,26
perlingiere-d,sent_items,582
perlingiere-d,richardson_s,2
perlingiere-d,sent,1770
perlingiere-d,all_documents,1905
perlingiere-d,new_normal_dot,1
saibi-e,notes_inbox,2
saibi-e,saved,19
saibi-e,deleted_items,16
saibi-e,calendar,6
saibi-e,inbox,1008
saibi-e,discussion_threads,13
saibi-e,sent_items,39
saibi-e,all_documents,13
griffith-j,mesa,5
griffith-j,research,35
griffith-j,move,13
griffith-j,personal,5
griffith-j,cornhusker,4
griffith-j,credit,2
griffith-j,fundamentals,6
griffith-j,design,26
griffith-j,golf,4
griffith-j,to_do,9
griffith-j,belden,1
griffith-j,deleted_items,924
griffith-j,tasks,2
griffith-j,skew,56
griffith-j,compression_services,12
griffith-j,offshore_processing,3
griffith-j,system_wip,1
griffith-j,calendar,3
griffith-j,grupo_chihuahua,5
griffith-j,inbox,45
griffith-j,transport,9
griffith-j,stock_options,1
griffith-j,discussion_threads,535
griffith-j,preston_vpp,1
griffith-j,mahonia,7
griffith-j,personal_contacts,20
griffith-j,ft__pierce,1
griffith-j,day_rate,1
griffith-j,pseg,3
griffith-j,oyster_creek,2
griffith-j,blotter,2
griffith-j,lng,6
griffith-j,position,5
griffith-j,new_items,3
griffith-j,funny,48
griffith-j,ice,4
griffith-j,volatility,5
griffith-j,sent_items,40
griffith-j,eol,12
griffith-j,national_steel,5
griffith-j,fpl,1
griffith-j,ebay,7
griffith-j,coop_city,3
griffith-j,indeck_corinth,4
griffith-j,con_ed,1
griffith-j,private_folders,0
griffith-j,monterrey_office,5
griffith-j,black_hills,1
griffith-j,insurance_call_spread,1
griffith-j,taxes,2
griffith-j,east_coast_power,25
griffith-j,enron_updates,10
griffith-j,producer_services,10
griffith-j,marsh_usa,2
griffith-j,clickathome,14
griffith-j,perfomance_evaluation,10
griffith-j,market,223
griffith-j,cqg,3
griffith-j,benefits,5
griffith-j,continental,17
griffith-j,vpp,12
griffith-j,trading,2
griffith-j,all_documents,565
griffith-j,ees,1
griffith-j,newpower,2
griffith-j,ace,3
griffith-j,chase_mah_stone,24
griffith-j,dsc,1
meyers-a,deleted_items,1066
meyers-a,inbox,22
meyers-a,sent_items,11
grigsby-m,notes_inbox,164
grigsby-m,deleted_items,352
grigsby-m,inbox,77
grigsby-m,discussion_threads,333
grigsby-m,contacts,3
grigsby-m,sent_items,292
grigsby-m,sent,283
grigsby-m,_sent_mail,283
grigsby-m,all_documents,450
taylor-m,notes_inbox,2755
taylor-m,swap_group_project_lists,36
taylor-m,uk_trading,20
taylor-m,brazil_trading,3
taylor-m,to_do,1
taylor-m,deleted_items,632
taylor-m,tasks,5
taylor-m,s_a__trading,16
taylor-m,inbox,373
taylor-m,yoder,9
taylor-m,archive,10
taylor-m,kiodex,2
taylor-m,file_space,2
taylor-m,online_trading,208
taylor-m,stored_messages,42
taylor-m,kelly,14
taylor-m,contacts,26
taylor-m,boat,4
taylor-m,time_off,134
taylor-m,australia_trading,11
taylor-m,sent_items,547
taylor-m,sent,1862
taylor-m,credit_watch_list,50
taylor-m,isda,9
taylor-m,restricted_list,2
taylor-m,oslo,7
taylor-m,singapore_trading,3
taylor-m,click_at_home,5
taylor-m,all_documents,5229
taylor-m,cftc,4
taylor-m,monmouth,12
taylor-m,travel,54
taylor-m,indian_trading,1
rapp-b,hr_info,3
rapp-b,deleted_items,118
rapp-b,calendar,1
rapp-b,inbox,332
rapp-b,marketing_affiliate,3
rapp-b,sent_items,104
rapp-b,_sent,2
causholli-m,deleted_items,515
causholli-m,calendar,10
causholli-m,inbox,194
causholli-m,sent_items,224
derrick-j,notes_inbox,88
derrick-j,deleted_items,341
derrick-j,calendar,2
derrick-j,inbox,237
derrick-j,discussion_threads,133
derrick-j,contacts,112
derrick-j,sent_items,583
derrick-j,sent,52
derrick-j,leg_conf_topics,8
derrick-j,_sent_mail,52
derrick-j,corpgen,1
derrick-j,all_documents,157
bass-e,notes_inbox,601
bass-e,personal,20
bass-e,deleted_items,415
bass-e,calendar,1
bass-e,inbox,310
bass-e,discussion_threads,1386
bass-e,ffl,8
bass-e,drafts,1
bass-e,funny,5
bass-e,sent_items,258
bass-e,sent,1363
bass-e,_sent_mail,1409
bass-e,all_documents,2037
bass-e,entex,2
south-s,notes_inbox,17
south-s,southern_cone,28
south-s,discussion_threads,75
south-s,sent,21
south-s,_sent_mail,21
south-s,southeast,2
south-s,all_documents,84
salisbury-h,deleted_items,14
salisbury-h,inbox,1152
salisbury-h,read,318
salisbury-h,sent_items,139
salisbury-h,holden_s,9
beck-s,notes_inbox,190
beck-s,mgmt_summary,5
beck-s,it___misc_,15
beck-s,personal,48
beck-s,floorspace,5
beck-s,hall__bob,24
beck-s,unfinaled_invoices,2
beck-s,schedule_c,10
beck-s,south_america,11
beck-s,gbn,7
beck-s,piper__greg,11
beck-s,deleted_items,309
beck-s,causey__rick,23
beck-s,personnel_issues,13
beck-s,ernie_training,13
beck-s,hedstrom__peggy,14
beck-s,hopwood__tom,7
beck-s,calendar,126
beck-s,mpr,4
beck-s,leadership_development,3
beck-s,inbox,751
beck-s,office_of_the_chair,8
beck-s,sap,39
beck-s,discussion_threads,2630
beck-s,unify,21
beck-s,apollo__beth,19
beck-s,ase,15
beck-s,prudency,4
beck-s,gossett__jeff,16
beck-s,perez__eugenio,12
beck-s,mg,55
beck-s,pulp_paper_lumber,2
beck-s,shankman__jeff,6
beck-s,2001_plan,6
beck-s,steel,1
beck-s,reeves__leslie,2
beck-s,chicago,3
beck-s,lng,6
beck-s,cousino__lisa,11
beck-s,operating_rpts,6
beck-s,contacts,7
beck-s,australia,14
beck-s,analyst_assoc_program,40
beck-s,murphy__ted,10
beck-s,glover__sheila,13
beck-s,herod__brenda,7
beck-s,sent_items,482
beck-s,resumes,30
beck-s,new_hires,13
beck-s,eol,57
beck-s,var,27
beck-s,dpr,22
beck-s,wire_signer_list,1
beck-s,aec,3
beck-s,hpl,34
beck-s,expense_reports,2
beck-s,direct_rpts,2
beck-s,sent,1099
beck-s,visions___values,5
beck-s,pearce__barry,15
beck-s,inclement_weather_list,2
beck-s,ebs,12
beck-s,bridgeline,3
beck-s,japan,46
beck-s,_sent_mail,1093
beck-s,entelligence,20
beck-s,networks,5
beck-s,egm,30
beck-s,compensation,1
beck-s,approval_authorizations,4
beck-s,doorstep,88
beck-s,lavorato__john,1
beck-s,europe,166
beck-s,price__brent,11
beck-s,eol_access,67
beck-s,brm,11
beck-s,promotions,11
beck-s,commercialization,20
beck-s,scribner__james,3
beck-s,systems_problems,12
beck-s,moscoso__mike,6
beck-s,melodick__kim,1
beck-s,unread_mail,1
beck-s,restricted_list,1
beck-s,showstopper_rpt,3
beck-s,org_announc____chrts,42
beck-s,hr,1
beck-s,india,7
beck-s,wilson__shona,52
beck-s,delainey__dave,21
beck-s,prc,41
beck-s,surveys,6
beck-s,clickpaper,4
beck-s,kitchen__louise,6
beck-s,book_administrators,4
beck-s,curve_validation,9
beck-s,merit,2
beck-s,white__stacey,5
beck-s,legal,3
beck-s,commoditylogic,41
beck-s,offsite,20
beck-s,all_documents,3137
beck-s,hall__todd,10
beck-s,ees,7
beck-s,y2k,1
beck-s,eim,0
beck-s,global,7
beck-s,press_releases,5
beck-s,frevert__mark,4
beck-s,recruiting,116
beck-s,solmonson__mary,29
beck-s,rac,0
beck-s,eott,2
beck-s,congratulations,83
tycholiz-b,deleted_items,158
tycholiz-b,inbox,529
tycholiz-b,discussion_threads,17
tycholiz-b,westgas,3
tycholiz-b,contacts,2
tycholiz-b,sent_items,354
tycholiz-b,sent,26
tycholiz-b,_sent_mail,102
tycholiz-b,all_documents,28
shackleton-s,notes_inbox,3335
shackleton-s,arg__deriv__assn_,3
shackleton-s,argentina___holidays,1
shackleton-s,moosehead,9
shackleton-s,bancone,1
shackleton-s,carol_stclair,68
shackleton-s,personal,5
shackleton-s,hickerson___ag_trading,2
shackleton-s,body_shop,1
shackleton-s,argentina_isda,11
shackleton-s,confirms___interest_rate,1
shackleton-s,performance_management,3
shackleton-s,deleted_items,655
shackleton-s,brazil,32
shackleton-s,messages,2
shackleton-s,argentina___phone_list,1
shackleton-s,abramo,20
shackleton-s,inbox,1058
shackleton-s,forms,3
shackleton-s,virus_alerts,3
shackleton-s,sap,2
shackleton-s,deseret,3
shackleton-s,nymex_hedge_exemptions,1
shackleton-s,brazil___holidays,1
shackleton-s,brazil__champion,6
shackleton-s,smith_barney,2
shackleton-s,name_change_merger,4
shackleton-s,brokerage_accounts,25
shackleton-s,confirm_desk,32
shackleton-s,trs,5
shackleton-s,lotus_notes_link,2
shackleton-s,argen__local_form,1
shackleton-s,confirms___argentina,5
shackleton-s,confirms___hickerson,2
shackleton-s,australia,24
shackleton-s,credit_worksheets,6
shackleton-s,swap,2
shackleton-s,pats,2
shackleton-s,brazil_news,10
shackleton-s,sent_items,633
shackleton-s,argentina___financial_trading,7
shackleton-s,argentina_duke_dispute,2
shackleton-s,sample_forms,1
shackleton-s,hickerson,9
shackleton-s,eol,1
shackleton-s,argentina,18
shackleton-s,jeff_nogid,1
shackleton-s,announcements,1
shackleton-s,sent,3774
shackleton-s,stack__shari,3
shackleton-s,india___derivatives,1
shackleton-s,brazil___esa_reports,2
shackleton-s,confirms___equity,3
shackleton-s,japan,9
shackleton-s,merrill_lynch,2
shackleton-s,cuiaba,7
shackleton-s,confirms___sample,2
shackleton-s,brazil_trips,4
shackleton-s,master_swap_issues,1
shackleton-s,trader_guidelines,1
shackleton-s,aquila,2
shackleton-s,performance_mgmt_,3
shackleton-s,young__randy,4
shackleton-s,confirms___weather,2
shackleton-s,credit_watch,45
shackleton-s,brazil_directory,2
shackleton-s,portuguese,2
shackleton-s,sempra,5
shackleton-s,blackbird,6
shackleton-s,mexico,1
shackleton-s,restricted_list,12
shackleton-s,glover,74
shackleton-s,organizational_changes,51
shackleton-s,nymex,14
shackleton-s,duke,5
shackleton-s,confirms___london_paper___pulp,4
shackleton-s,brazil___weekly_reports,1
shackleton-s,philippines,2
shackleton-s,collateral_issues,2
shackleton-s,government_affairs,1
shackleton-s,meetings,14
shackleton-s,ct_corporation,1
shackleton-s,argentina_legal_report,13
shackleton-s,confirms___paper___pulp,26
shackleton-s,enron_networks,3
shackleton-s,laptop,2
shackleton-s,ernie,4
shackleton-s,computer,1
shackleton-s,parking,1
shackleton-s,brazil___derivatives,8
shackleton-s,all_documents,8158
shackleton-s,argentina_tax,1
shackleton-s,ees,2
shackleton-s,delmarva,1
shackleton-s,southern_cone_financial_masters,10
shackleton-s,email,1
shackleton-s,boyd,7
shackleton-s,guaranties,1
shackleton-s,bailey__s_,1
shackleton-s,bankruptcy,1
shackleton-s,policy,40
shackleton-s,consulting_ag,1
shackleton-s,catalytica,26
shackleton-s,rmt,2
shackleton-s,enron_corp__board,1
shackleton-s,canada,1
shackleton-s,confirms_power,18
shackleton-s,swap_group,9
shackleton-s,cousins,1
shackleton-s,nelson,259
shackleton-s,fisher__kristina,4
kitchen-l,outbox,1
kitchen-l,deleted_items,202
kitchen-l,tasks,1
kitchen-l,calendar,39
kitchen-l,inbox,140
kitchen-l,contacts,3
kitchen-l,sent_items,1132
kitchen-l,_americas,0
merriss-s,notes_inbox,545
merriss-s,discussion_threads,531
merriss-s,_sent_mail,3
merriss-s,all_documents,548
blair-l,outbox,1
blair-l,tropical_storm_allison,1
blair-l,move,3
blair-l,personal,1
blair-l,christmas_cards_list,1
blair-l,tw___negotiated_rates_issues,3
blair-l,acctg___2001_new_accctg_sys,1
blair-l,carlton_resolution,2
blair-l,customer___oneok,43
blair-l,donna,2
blair-l,deleted_items,662
blair-l,dra_info,15
blair-l,inbox,291
blair-l,storage___third_party_storage_info,4
blair-l,weekly_reports___2001,5
blair-l,personnel___shift_differential,4
blair-l,customer___virginia_power_dominion,10
blair-l,reports___scheduled_quantity_report,4
blair-l,personnel___paa,16
blair-l,shipper_list,5
blair-l,ibuyit_information,3
blair-l,customer___alliant,5
blair-l,personnel___ava_s_duties,1
blair-l,acctg___customer_issues_on_billing,4
blair-l,customer___uses,6
blair-l,contacts,2
blair-l,demarc_allocation,1
blair-l,tw___procedures,1
blair-l,customer___midam,5
blair-l,personnel___working_from_home,1
blair-l,sent_items,929
blair-l,merger_with_dynegy,4
blair-l,personnel___prc_2001_year_end,11
blair-l,daily_updates___12_1_01,1
blair-l,budget___2001,1
blair-l,expense_reports,3
blair-l,tw___socal_window_procedure,9
blair-l,training___business_objects,5
blair-l,print,3
blair-l,customer___ena,1
blair-l,personnel___prc_2001_mid_yr,1
blair-l,_sent_mail,39
blair-l,presentations,10
blair-l,meetings___tw_customer,11
blair-l,training___2001,4
blair-l,outlook_instructions,1
blair-l,vacations_2001,9
blair-l,tw___marketing,1
blair-l,customer___reliant_retail_energy_minneapolis,5
blair-l,personnel___promotions,1
blair-l,nng___sla_settlement,5
blair-l,nbpl_information,1
blair-l,acctg___measurement_issues,9
blair-l,nng___sba,2
blair-l,tw___transactional_requirements,9
blair-l,meetings,1120
blair-l,storage___alloc_process,7
blair-l,acctg___invoicing_info,1
blair-l,tw___nwpl_budget,4
blair-l,personnel___advance_hire_assoc,4
blair-l,budget___2002,2
blair-l,tw___citizens_agreement,3
blair-l,meetings___general,15
blair-l,meetings___nng_customer_mtg,18
blair-l,tw___imbalances___netting_trading,4
blair-l,ipayit_information,2
blair-l,itinerary_off_duty,15
blair-l,tw___invoicing,2
quenet-j,notes_inbox,6
quenet-j,deleted_items,136
quenet-j,inbox,13
quenet-j,discussion_threads,24
quenet-j,sent_items,6
quenet-j,sent,68
quenet-j,_sent_mail,68
quenet-j,all_documents,74
lokey-t,deleted_items,205
lokey-t,calendar,34
lokey-t,inbox,742
lokey-t,sent_items,119
lokey-t,misc_,16
lokey-t,_sent_mail,18
lokey-t,sandy,22
williams-j,deleted_items,433
williams-j,inbox,246
williams-j,discussion_threads,111
williams-j,sent_items,129
williams-j,deals,46
williams-j,private_folders,0
williams-j,legal,27
williams-j,commoditylogic,12
williams-j,all_documents,131
williams-j,6day,50
panus-s,deleted_items,377
panus-s,inbox,30
panus-s,contacts,2
panus-s,sent_items,26
panus-s,all_documents,2
gang-l,deleted_items,451
gang-l,calendar,1
gang-l,inbox,48
gang-l,sent_items,90
hendrickson-s,notes_inbox,63
hendrickson-s,deleted_items,179
hendrickson-s,calendar,1
hendrickson-s,inbox,84
hendrickson-s,discussion_threads,80
hendrickson-s,sent_items,65
hendrickson-s,old,17
hendrickson-s,_sent_mail,50
hendrickson-s,all_documents,180
schoolcraft-d,cas,1
schoolcraft-d,tw_lft,1
schoolcraft-d,deleted_items,608
schoolcraft-d,inbox,95
schoolcraft-d,outages,1
schoolcraft-d,sent_items,481
schoolcraft-d,tw,23
schoolcraft-d,phffu,1
schoolcraft-d,_sent_mail,38
schoolcraft-d,tw_fuel_sales,43
schoolcraft-d,nng,1
schoolcraft-d,untitled,1
mann-k,notes_inbox,695
mann-k,coral,107
mann-k,asset_management_documents,3
mann-k,yazoo_city,186
mann-k,deleted_items,180
mann-k,tasks,2
mann-k,inbox,345
mann-k,discussion_threads,4965
mann-k,ema_s,5
mann-k,general_stuff,141
mann-k,chicago,87
mann-k,contacts,5
mann-k,panda,107
mann-k,off_balance_sheet_form_contracts,76
mann-k,policy_manual_and_united_way,7
mann-k,ge_general,118
mann-k,sent_items,266
mann-k,sent,4440
mann-k,nrg,5
mann-k,power_purchase_eei,6
mann-k,westinghouse,63
mann-k,_sent_mail,4220
mann-k,midway,29
mann-k,florida,59
mann-k,co_op_city,23
mann-k,vepco,55
mann-k,haywood,20
mann-k,lm6000,227
mann-k,new_jersey_natural,3
mann-k,nimo,3
mann-k,all_documents,6647
mann-k,enovate,71
mann-k,blue_dog,121
mann-k,fuel_cells,94
kuykendall-t,notes_inbox,30
kuykendall-t,deleted_items,169
kuykendall-t,inbox,51
kuykendall-t,discussion_threads,138
kuykendall-t,sent_items,129
kuykendall-t,sent,184
kuykendall-t,_sent_mail,184
kuykendall-t,friends,15
kuykendall-t,all_documents,220
allen-p,notes_inbox,48
allen-p,deleted_items,361
allen-p,inbox,66
allen-p,discussion_threads,412
allen-p,contacts,2
allen-p,sent_items,345
allen-p,sent,562
allen-p,_sent_mail,602
allen-p,straw,8
allen-p,all_documents,628
giron-d,notes_inbox,39
giron-d,deleted_items,415
giron-d,tasks,1
giron-d,calendar,14
giron-d,inbox,377
giron-d,discussion_threads,632
giron-d,sent_items,304
giron-d,old,9
giron-d,sent,788
giron-d,_sent_mail,788
giron-d,all_documents,853
lewis-a,notes_inbox,142
lewis-a,deleted_items,1359
lewis-a,calendar,7
lewis-a,inbox,182
lewis-a,discussion_threads,185
lewis-a,sent_items,26
lewis-a,old_messages,14
lewis-a,sent,35
lewis-a,_sent_mail,38
lewis-a,all_documents,203
jones-t,notes_inbox,5095
jones-t,misc,18
jones-t,deleted_items,66
jones-t,inbox,957
jones-t,online_trading,365
jones-t,trading_issues,20
jones-t,master_notice,2
jones-t,sent_items,313
jones-t,sent,3810
jones-t,all_documents,9304
carson-m,notes_inbox,18
carson-m,deleted_items,373
carson-m,koch,41
carson-m,calendar,2
carson-m,inbox,141
carson-m,discussion_threads,104
carson-m,broker_quotes,46
carson-m,amerex,22
carson-m,sent_items,118
carson-m,sent,172
carson-m,_sent_mail,172
carson-m,all_documents,191
stepenovitch-j,deleted_items,319
stepenovitch-j,inbox,196
stepenovitch-j,discussion_threads,202
stepenovitch-j,sent_items,76
stepenovitch-j,all_documents,222
whitt-m,deleted_items,37
whitt-m,inbox,467
whitt-m,sent_items,303
love-p,notes_inbox,49
love-p,east_desk,34
love-p,personal,104
love-p,to_do,2
love-p,deleted_items,488
love-p,tasks,1
love-p,calendar,14
love-p,inbox,151
love-p,discussion_threads,578
love-p,accomplish,10
love-p,other,3
love-p,sent_items,599
love-p,ontario_oa,2
love-p,risk_management,20
love-p,sent,886
love-p,ontario,2
love-p,central_desk_class_regis_,3
love-p,_sent_mail,886
love-p,west,12
love-p,central,123
love-p,all_documents,1035
whalley-g,notes_inbox,94
whalley-g,personal,1
whalley-g,to_do,13
whalley-g,deleted_items,66
whalley-g,tasks,3
whalley-g,calendar,149
whalley-g,inbox,462
whalley-g,discussion_threads,313
whalley-g,test,0
whalley-g,contacts,1
whalley-g,sent_items,68
whalley-g,merchant_investments,3
whalley-g,sent,38
whalley-g,controls,1
whalley-g,mariner,5
whalley-g,_sent_mail,24
whalley-g,markets,26
whalley-g,economics,4
whalley-g,india,3
whalley-g,connect_deletes,172
whalley-g,all_documents,330
presto-k,deleted_items,1040
presto-k,presto_files,2
presto-k,calendar,13
presto-k,presto_working_files,26
presto-k,inbox,45
presto-k,discussion_threads,32
presto-k,junk_e_mail,14
presto-k,sent_items,956
presto-k,sent,7
presto-k,all_documents,39
scott-s,notes_inbox,430
scott-s,personal,72
scott-s,deleted_items,457
scott-s,wordsmith,147
scott-s,inbox,443
scott-s,discussion_threads,1550
scott-s,course_info,3
scott-s,contacts,2
scott-s,sent_items,674
scott-s,sent,937
scott-s,wk,2
scott-s,order_637,2
scott-s,_sent_mail,991
scott-s,important_info,9
scott-s,mkt_affiliate,13
scott-s,fun_emails,25
scott-s,msap_info,30
scott-s,all_documents,1893
scott-s,gir,250
scott-s,immediate_response,7
scott-s,correspondence,85
crandell-s,to_do,1
crandell-s,deleted_items,89
crandell-s,calendar,6
crandell-s,inbox,246
crandell-s,sent_items,149
rodrique-r,dublin,33
rodrique-r,discussion_threads,406
rodrique-r,file,17
rodrique-r,israel_estrada,1
rodrique-r,sent,721
rodrique-r,_sent_mail,721
rodrique-r,all_documents,820
rodrique-r,canada,47
white-s,off_site,4
white-s,personal,21
white-s,south_america,13
white-s,deleted_items,989
white-s,tasks,3
white-s,genco_plant_misc,2
white-s,calendar,143
white-s,inbox,387
white-s,discussion_threads,169
white-s,portcalc_requests,1
white-s,cya,30
white-s,passwords,3
white-s,ena_cal,6
white-s,contacts,6
white-s,press,1
white-s,sent_items,445
white-s,sent,12
white-s,andersen_requests,18
white-s,flash,1
white-s,doorstep,21
white-s,global_standards,12
white-s,meetings,738
white-s,west_var,1
white-s,legal,29
white-s,itinerary_receipt,8
white-s,all_documents,176
white-s,teco,4
white-s,personnel,8
white-s,services,2
white-s,curves,2
white-s,val,9
motley-m,deleted_items,125
motley-m,inbox,75
motley-m,sent_items,13
sturm-f,notes_inbox,43
sturm-f,meh_new_projects,1
sturm-f,deleted_items,211
sturm-f,calendar,11
sturm-f,inbox,159
sturm-f,discussion_threads,111
sturm-f,sent_items,163
sturm-f,junk,4
sturm-f,eol,1
sturm-f,var,1
sturm-f,sent,127
sturm-f,_sent_mail,127
sturm-f,canada_business,2
sturm-f,all_documents,185
dean-c,notes_inbox,164
dean-c,deleted_items,343
dean-c,inbox,971
dean-c,discussion_threads,313
dean-c,info2,3
dean-c,info3,31
dean-c,sent_items,33
dean-c,sent,5
dean-c,info,233
dean-c,_sent_mail,6
dean-c,all_documents,327
keiser-k,to_do,27
keiser-k,deleted_items,284
keiser-k,calendar,44
keiser-k,inbox,393
keiser-k,sent_items,365
shapiro-r,notes_inbox,123
shapiro-r,staff_meetings,1
shapiro-r,personal_travel,1
shapiro-r,risk_analytics,10
shapiro-r,computers,1
shapiro-r,personal,101
shapiro-r,2001_prc__midyear,20
shapiro-r,synfuel_tax_crredits,6
shapiro-r,fundamentals,2
shapiro-r,rto_campaign,57
shapiro-r,market_structure__seabron_adamson_,16
shapiro-r,western_governor_s_university,1
shapiro-r,retail_operations,2
shapiro-r,california_legal_issues,43
shapiro-r,naruc,2
shapiro-r,wholesale_markets,65
shapiro-r,associations,1
shapiro-r,ferc,9
shapiro-r,deleted_items,1468
shapiro-r,southern_cone,55
shapiro-r,shopping,7
shapiro-r,compliments,28
shapiro-r,inbox,27
shapiro-r,venezuela_colombia,17
shapiro-r,discussion_threads,1135
shapiro-r,europe_june,33
shapiro-r,investing,1
shapiro-r,national_campaign,41
shapiro-r,2001_budget,21
shapiro-r,federal_legis_,82
shapiro-r,interconnection_issues,2
shapiro-r,merchant_function_group,2
shapiro-r,contributions,8
shapiro-r,affiliate_codes_of_conduct,5
shapiro-r,policy_papers,1
shapiro-r,tva,6
shapiro-r,sec,1
shapiro-r,steel,29
shapiro-r,enron_online,14
shapiro-r,default_service__opportunities,2
shapiro-r,lng,10
shapiro-r,midwest,41
shapiro-r,sce_deal,4
shapiro-r,value,43
shapiro-r,global_markets,16
shapiro-r,federal_gov_t_affairs,28
shapiro-r,sent_items,1
shapiro-r,tax,6
shapiro-r,europe_october,9
shapiro-r,antitrust,2
shapiro-r,training__gov_t__affairs,1
shapiro-r,sent,11
shapiro-r,retail_markets,29
shapiro-r,forest_and_paper_products,2
shapiro-r,speaking_engagements,1
shapiro-r,enviromental,18
shapiro-r,organizational_issues,73
shapiro-r,hedging,4
shapiro-r,japan,21
shapiro-r,nerc,69
shapiro-r,networks,8
shapiro-r,patriotism,16
shapiro-r,presentations,1
shapiro-r,new_england_ny,22
shapiro-r,humor,28
shapiro-r,bush_administration,1
shapiro-r,2002_budget,50
shapiro-r,europe,60
shapiro-r,congrats,1
shapiro-r,caem,2
shapiro-r,2001_witchunt,3
shapiro-r,refund_cases,16
shapiro-r,industrial_cust__solutions,15
shapiro-r,mexico,9
shapiro-r,doe,3
shapiro-r,resource_committment_req_s,2
shapiro-r,florida,7
shapiro-r,rto_filings__order_2000,20
shapiro-r,india,20
shapiro-r,southeast,4
shapiro-r,rail,3
shapiro-r,gas_issues,31
shapiro-r,democrats,8
shapiro-r,texas,23
shapiro-r,granite__2_,18
shapiro-r,west,18
shapiro-r,pge_sale,2
shapiro-r,europe_july,16
shapiro-r,mid_atlantic,10
shapiro-r,notre_dame,56
shapiro-r,all_documents,1270
shapiro-r,ken_lay,3
shapiro-r,coal,2
shapiro-r,cftc,6
shapiro-r,broadband_services,37
shapiro-r,california_coverup,5
shapiro-r,california,181
shapiro-r,personnel,69
shapiro-r,epsa,5
shapiro-r,price_risk_management_,2
shapiro-r,pg_e_bankruptcy,16
shapiro-r,qf_s___risk_analysis,1
shapiro-r,2001_budget__cost_cutting,10
shapiro-r,rac,10
shapiro-r,generation,8
shapiro-r,2001_objectives,18
shapiro-r,fuel_cells,2
shapiro-r,canada,79
shapiro-r,media,3
shapiro-r,vp_prc,12
corman-s,deleted_items,460
corman-s,calendar,96
corman-s,inbox,72
corman-s,discussion_threads,20
corman-s,contacts,5
corman-s,sent_items,630
corman-s,ingaastudy,9
corman-s,osha,5
corman-s,marketingaffiliate,7
corman-s,all_documents,23
corman-s,communications,2
pereira-s,notes_inbox,10
pereira-s,deleted_items,164
pereira-s,inbox,42
pereira-s,discussion_threads,49
pereira-s,sent_items,74
pereira-s,sent,125
pereira-s,_sent_mail,125
pereira-s,all_documents,135
campbell-l,notes_inbox,777
campbell-l,southwest_environmental_team,1
campbell-l,2000_goals_and_objectives,4
campbell-l,deleted_items,1
campbell-l,marc_phillips,23
campbell-l,inbox,1316
campbell-l,discussion_threads,1575
campbell-l,c_s_no__9_remediation,12
campbell-l,pcb_s,10
campbell-l,puckett_plant,2
campbell-l,euncie_texaco_remediation,9
campbell-l,contacts,3
campbell-l,2001_goals_and_objectives,3
campbell-l,c_s_no__6_remediation,14
campbell-l,sent_items,117
campbell-l,diamonds,2
campbell-l,npdes_stormwater,1
campbell-l,pg_e_meetings_and_notes,10
campbell-l,sent,350
campbell-l,importantstuff,4
campbell-l,nsps_for_turbines,3
campbell-l,nyiso,1
campbell-l,miscellaneous,1
campbell-l,_sent_mail,200
campbell-l,southwest_gas_pcb_s,6
campbell-l,pfg,1
campbell-l,public_water_systems,1
campbell-l,pcb_modeling_study,9
campbell-l,john_shafer,3
campbell-l,rocky_mountain_elk_foundation,8
campbell-l,personnal,39
campbell-l,pg_e_pcbs,68
campbell-l,north_crawar_remediation,6
campbell-l,p_1_c_s_nov,8
campbell-l,atoka_3_c_s,1
campbell-l,njn,2
campbell-l,prc,3
campbell-l,la_plata_c_s,9
campbell-l,ngo_s,4
campbell-l,redrock_mainline_expansion,77
campbell-l,et_contacts,2
campbell-l,weekly_activity_report,15
campbell-l,et,4
campbell-l,socal_pcb_s,9
campbell-l,sundevil_pipeline_project,7
campbell-l,g__robinson,8
campbell-l,all_documents,1708
campbell-l,gomez_remediation,9
campbell-l,ocd,1
campbell-l,lockridge_remediation,1
campbell-l,bloomfield_c_s,1
campbell-l,eott_midland,38
campbell-l,eott_due_diligence,2
richey-c,personal,39
richey-c,fundamentals,7
richey-c,to_do,1
richey-c,deleted_items,28
richey-c,administrivia,13
richey-c,calendar,19
richey-c,inbox,68
richey-c,houstonfundamentals,3
richey-c,marks,9
richey-c,contacts,1
richey-c,r,19
richey-c,sent_items,249
richey-c,software,1
richey-c,_sent_mail,100
richey-c,trading_quotes,2
richey-c,infrastructure,10
richey-c,data,1
richey-c,hydro,2
richey-c,alberta,2
ward-k,mesa,17
ward-k,ldwp,1
ward-k,personal,47
ward-k,tep,14
ward-k,pipeline,2
ward-k,to_do,39
ward-k,las_cruces,3
ward-k,transportation,3
ward-k,deleted_items,311
ward-k,tasks,6
ward-k,frito_lay,5
ward-k,henwood,2
ward-k,inbox,277
ward-k,discussion_threads,257
ward-k,knauf,1
ward-k,smurfit,27
ward-k,eastern_new_mexico_gas_co_,2
ward-k,hesco,3
ward-k,citizens_utilities,73
ward-k,midesto,2
ward-k,smud,11
ward-k,basin_electric,1
ward-k,bhp,11
ward-k,contacts,70
ward-k,ncpa,3
ward-k,sent_items,677
ward-k,socal_gas,3
ward-k,palo_alto,35
ward-k,sent,1
ward-k,akzo_nobel___filtrol,11
ward-k,san_diego_gas___electric,3
ward-k,_sent_mail,221
ward-k,pasadena,23
ward-k,administrative,8
ward-k,gas_customers___chris_foster,64
ward-k,arco,2
ward-k,el_paso_electric,11
ward-k,long_beach,7
ward-k,noresco,5
ward-k,west_gas_origination,1
ward-k,all_documents,316
ward-k,merced,2
ward-k,srp,3
ward-k,california,7
ward-k,glendale,6
ward-k,pnm,4
ward-k,roseville,2
ward-k,cdwr,5
dickson-s,pictures,7
dickson-s,sent,189
dickson-s,all_documents,199
rogers-b,notes_inbox,22
rogers-b,personal,235
rogers-b,fpl_genco,7
rogers-b,deleted_items,374
rogers-b,genco,29
rogers-b,inbox,338
rogers-b,discussion_threads,1946
rogers-b,caledonia,11
rogers-b,kn_energy,8
rogers-b,ctg_deals,205
rogers-b,texas_b_school,32
rogers-b,sent_items,90
rogers-b,motley_fool_e_mails,131
rogers-b,enron_bike_club,32
rogers-b,sent,866
rogers-b,trading_info,61
rogers-b,_sent_mail,865
rogers-b,presentations,1
rogers-b,erc,3
rogers-b,enron_news,118
rogers-b,genco_jv_ipo,489
rogers-b,all_documents,2112
rogers-b,teco,34
nemec-g,notes_inbox,2615
nemec-g,personal,16
nemec-g,to_do,1
nemec-g,deleted_items,113
nemec-g,ca_data_sheet_checks,19
nemec-g,tasks,1
nemec-g,calendar,17
nemec-g,inbox,1466
nemec-g,sent_items,595
nemec-g,sent,1580
nemec-g,vacation,1
nemec-g,all_documents,4231
hayslett-r,notes_inbox,158
hayslett-r,accounting,9
hayslett-r,action_items_in,27
hayslett-r,deleted_items,258
hayslett-r,inbox,254
hayslett-r,vacations,21
hayslett-r,discussion_threads,378
hayslett-r,evaluations,4
hayslett-r,projects,25
hayslett-r,contacts,2
hayslett-r,sent_items,533
hayslett-r,planning,1
hayslett-r,regulatory,7
hayslett-r,sent,49
hayslett-r,_sent_mail,37
hayslett-r,goals_2000,10
hayslett-r,older_than_30,7
hayslett-r,all_documents,439
hayslett-r,hold,54
hayslett-r,eott,1
haedicke-m,notes_inbox,949
haedicke-m,municipalities,1
haedicke-m,vitro,5
haedicke-m,accomplishments,1
haedicke-m,fuel,4
haedicke-m,deleted_items,262
haedicke-m,brazos_tenaska,1
haedicke-m,organizationalchanges,4
haedicke-m,performancematters,1
haedicke-m,calendar,41
haedicke-m,inbox,600
haedicke-m,sempre,1
haedicke-m,dabhol,11
haedicke-m,enron_net_works,1
haedicke-m,stanley,5
haedicke-m,tva,4
haedicke-m,bear,2
haedicke-m,art,1
haedicke-m,riskmemos,3
haedicke-m,mehpictures,4
haedicke-m,sent_items,116
haedicke-m,hpl,1
haedicke-m,powercontracts,1
haedicke-m,albertappas,2
haedicke-m,sent,988
haedicke-m,riskratings,2
haedicke-m,policies,2
haedicke-m,lexisid,2
haedicke-m,japan,1
haedicke-m,cuiaba,1
haedicke-m,technologyplan,1
haedicke-m,globalassets,1
haedicke-m,isda,9
haedicke-m,prc,1
haedicke-m,arcor,3
haedicke-m,newpowernoncompete,2
haedicke-m,eecc,1
haedicke-m,brazilian_arbitration,1
haedicke-m,southamerica,8
haedicke-m,all_documents,2141
haedicke-m,cftc,3
haedicke-m,california,34
haedicke-m,chinesewallspolicy,1
haedicke-m,toptenrisks,4
haedicke-m,budget,8
haedicke-m,powersystems,3
mckay-j,personal,103
mckay-j,to_do,3
mckay-j,pipeinfo,13
mckay-j,deleted_items,241
mckay-j,tasks,4
mckay-j,calendar,3
mckay-j,inbox,26
mckay-j,quotes,65
mckay-j,ubswenergy_com,30
mckay-j,contacts,2
mckay-j,sent_items,296
mckay-j,ubs_warburg,23
mckay-j,retail,74
mckay-j,pipeline_info,43
mckay-j,perfmgmt,18
mckay-j,ne_development,3
mckay-j,recuriting,3
mckay-j,enron,43
gay-r,notes_inbox,28
gay-r,to_do,10
gay-r,deleted_items,89
gay-r,inbox,60
gay-r,discussion_threads,233
gay-r,sent_items,9
gay-r,sent,389
gay-r,_sent_mail,177
gay-r,all_documents,420
brawner-s,notes_inbox,35
brawner-s,misc,10
brawner-s,to_do,1
brawner-s,deleted_items,240
brawner-s,contract,4
brawner-s,tasks,1
brawner-s,inbox,100
brawner-s,discussion_threads,103
brawner-s,sent_items,73
brawner-s,sent,130
brawner-s,john_memos,1
brawner-s,_sent_mail,145
brawner-s,all_documents,183
lucci-p,deleted_items,569
lucci-p,inbox,135
lucci-p,sent_items,234
lucci-p,humor,13
lucci-p,internet,46
king-j,notes_inbox,10
king-j,personal,7
king-j,deleted_items,346
king-j,calendar,5
king-j,inbox,37
king-j,discussion_threads,16
king-j,sent_items,13
king-j,sent,3
king-j,_sent_mail,3
king-j,private_folders,0
king-j,parking,1
king-j,all_documents,17
geaccone-t,deleted_items,373
geaccone-t,inbox,569
geaccone-t,nbpl,1
geaccone-t,tracy,6
geaccone-t,gpg,12
geaccone-t,gpg_ops,1
geaccone-t,sent_items,365
geaccone-t,et_s,4
geaccone-t,tw,33
geaccone-t,_sent_mail,183
geaccone-t,datek,12
geaccone-t,rc_0946,4
geaccone-t,cfp,14
geaccone-t,clean_fuels,1
geaccone-t,eott,6
guzman-m,notes_inbox,1708
guzman-m,discussion_threads,1927
guzman-m,_sent_mail,352
guzman-m,all_documents,2067
mckay-b,notes_inbox,24
mckay-b,deleted_items,308
mckay-b,inbox,86
mckay-b,discussion_threads,38
mckay-b,sent_items,44
mckay-b,sent,50
mckay-b,_sent_mail,50
mckay-b,all_documents,81
hyvl-d,notes_inbox,41
hyvl-d,power_projects,4
hyvl-d,gas,31
hyvl-d,sent,644
hyvl-d,miscellaneous,74
hyvl-d,all_documents,1627
williams-w3,forney,1
williams-w3,rt_cuts,4
williams-w3,personal,16
williams-w3,schedule_crawler,1398
williams-w3,timbelden,11
williams-w3,calendar,9
williams-w3,inbox,137
williams-w3,bill,17
williams-w3,california_messages,8
williams-w3,operations_committee_isas,19
williams-w3,settlements,6
williams-w3,human_resources,45
williams-w3,contacts,4
williams-w3,gwolfe,4
williams-w3,sent_items,519
williams-w3,tie_meter_multipliers,3
williams-w3,el_paso,12
williams-w3,enron_messages,4
williams-w3,rt_strat,18
williams-w3,preschedule,15
williams-w3,hr,86
williams-w3,symesees,81
williams-w3,bill_williams_iii,1022
williams-w3,canada,1
davis-d,notes_inbox,86
davis-d,personal,41
davis-d,accting,3
davis-d,deleted_items,332
davis-d,inbox,104
davis-d,sap,21
davis-d,discussion_threads,427
davis-d,dana_s_extras,15
davis-d,2_trash,4
davis-d,church,64
davis-d,sent_items,53
davis-d,fun,18
davis-d,finanial_operations,25
davis-d,vargas_becton_lamb_galvan,3
davis-d,sent,183
davis-d,_sent_mail,127
davis-d,vacation,11
davis-d,performance_review,13
davis-d,save_the_date,44
davis-d,vargas_becton_lamb,16
davis-d,friends,11
davis-d,all_documents,478
davis-d,fyi,32
thomas-p,new_york,1
thomas-p,deleted_items,687
thomas-p,calendar,23
thomas-p,inbox,415
thomas-p,contacts,4
thomas-p,sent_items,163
linder-e,notes_inbox,935
linder-e,discussion_threads,923
linder-e,_sent_mail,6
linder-e,all_documents,941
heard-m,deleted_items,232
heard-m,inbox,317
heard-m,sent_items,784
heard-m,sent,2
heard-m,brokerage_agreements,43
heard-m,all_documents,2
hodge-j,notes_inbox,71
hodge-j,deleted_items,487
hodge-j,calendar,1
hodge-j,inbox,639
hodge-j,discussion_threads,87
hodge-j,contacts,2
hodge-j,sent_items,96
hodge-j,sent,36
hodge-j,_sent_mail,13
hodge-j,all_documents,229
pimenov-v,notes_inbox,1
pimenov-v,deleted_items,359
pimenov-v,calendar,2
pimenov-v,inbox,200
pimenov-v,discussion_threads,1
pimenov-v,sent_items,73
pimenov-v,_sent_mail,5
pimenov-v,all_documents,1
neal-s,notes_inbox,91
neal-s,credit,1
neal-s,deleted_items,657
neal-s,calendar,12
neal-s,inbox,257
neal-s,transport,3
neal-s,discussion_threads,437
neal-s,lrc_bridgeline,2
neal-s,sent_items,226
neal-s,regulatory,5
neal-s,eol,1
neal-s,sent,422
neal-s,bug,2
neal-s,miscellaneous,14
neal-s,storage,52
neal-s,_sent_mail,454
neal-s,florida,1
neal-s,prc_ass_mid00,4
neal-s,all_documents,622
neal-s,vng,2
neal-s,ngpl,3
fossum-d,notes_inbox,342
fossum-d,tasks,1
fossum-d,discussion_threads,980
fossum-d,favorites,1
fossum-d,sent,968
fossum-d,_sent_mail,1099
fossum-d,all_documents,1405
baughman-d,power,0
baughman-d,personal,0
baughman-d,to_do,2
baughman-d,deleted_items,431
baughman-d,tasks,5
baughman-d,calendar,29
baughman-d,inbox,383
baughman-d,discussion_threads,384
baughman-d,contacts,4
baughman-d,sent_items,96
baughman-d,ect_admin,56
baughman-d,ubsw_energy,0
baughman-d,enron_power,1
baughman-d,so2___nox,3
baughman-d,all_documents,389
smith-m,misc,1
smith-m,deleted_items,85
smith-m,tasks,3
smith-m,demand_information,2
smith-m,calendar,10
smith-m,inbox,452
smith-m,discussion_threads,86
smith-m,sent_items,234
smith-m,desk_matters,6
smith-m,sent,229
smith-m,_sent_mail,274
smith-m,pipeline_matters,15
smith-m,all_documents,245
mims-thurston-p,deleted_items,715
mims-thurston-p,calendar,10
mims-thurston-p,inbox,348
mims-thurston-p,discussion_threads,75
mims-thurston-p,sent_items,229
mims-thurston-p,sent,209
mims-thurston-p,_sent_mail,237
mims-thurston-p,all_documents,215
bailey-s,notes_inbox,10
bailey-s,deleted_items,434
bailey-s,inbox,4
bailey-s,sent_items,14
bailey-s,all_documents,16
fischer-m,notes_inbox,400
fischer-m,personal,32
fischer-m,deleted_items,112
fischer-m,inbox,53
fischer-m,discussion_threads,339
fischer-m,sent_items,62
fischer-m,_sent,2
fischer-m,sent,23
fischer-m,_sent_mail,23
fischer-m,felecia_fitzgerald,12
fischer-m,current_estimate,11
fischer-m,all_documents,429
dorland-c,notes_inbox,9
dorland-c,to_do,5
dorland-c,deleted_items,199
dorland-c,calendar,1
dorland-c,inbox,73
dorland-c,discussion_threads,268
dorland-c,sent_items,587
dorland-c,move_stuff,1
dorland-c,sent,429
dorland-c,_sent_mail,113
dorland-c,all_documents,442
ermis-f,notes_inbox,203
ermis-f,deleted_items,6
ermis-f,inbox,379
ermis-f,discussion_threads,299
ermis-f,sent_items,16
ermis-f,sent,9
ermis-f,_sent_mail,9
ermis-f,all_documents,309
may-l,notes_inbox,79
may-l,deleted_items,11
may-l,calendar,1
may-l,inbox,1087
may-l,discussion_threads,151
may-l,sent_items,42
may-l,sent,33
may-l,_sent_mail,33
may-l,all_documents,163
platter-p,to_do,6
platter-p,deleted_items,56
platter-p,tasks,6
platter-p,calendar,6
platter-p,inbox,393
platter-p,sent_items,107
keavey-p,notes_inbox,293
keavey-p,deleted_items,316
keavey-p,inbox,518
keavey-p,discussion_threads,424
keavey-p,contacts,7
keavey-p,sent_items,32
keavey-p,sent,67
keavey-p,_sent_mail,73
keavey-p,saved_mail,2
keavey-p,all_documents,445
cuilla-m,notes_inbox,29
cuilla-m,personal,15
cuilla-m,deleted_items,421
cuilla-m,inbox,71
cuilla-m,discussion_threads,123
cuilla-m,sent_items,140
cuilla-m,sent,16
cuilla-m,_sent_mail,16
cuilla-m,10_fantasy,46
cuilla-m,all_documents,128
cuilla-m,12_fantasy,7
cuilla-m,bernhardt,5
parks-j,deleted_items,1078
parks-j,calendar,3
parks-j,inbox,644
parks-j,sent_items,559
lokay-m,notes_inbox,38
lokay-m,corporate,407
lokay-m,personal,193
lokay-m,deleted_items,352
lokay-m,inbox,56
lokay-m,discussion_threads,913
lokay-m,tw_commercial_group,1159
lokay-m,publications,51
lokay-m,training,16
lokay-m,contacts,59
lokay-m,articles,243
lokay-m,sent_items,161
lokay-m,sent,108
lokay-m,_sent_mail,62
lokay-m,hea_nesa,91
lokay-m,kim_s_files,6
lokay-m,enron_travel_club,21
lokay-m,systems,126
lokay-m,lorraine_s_files,1
lokay-m,all_documents,1324
lokay-m,enron_t_s,180
kean-s,notes_inbox,265
kean-s,organization,30
kean-s,new_york,16
kean-s,internet_sites,40
kean-s,enron_property_services,2
kean-s,knowledge_management,22
kean-s,enron_communications,12
kean-s,personal,52
kean-s,ui,1
kean-s,annual_report,2
kean-s,unions,1
kean-s,to_do,2
kean-s,performance_management,39
kean-s,transredes,2
kean-s,illinois,2
kean-s,ferc,188
kean-s,deleted_items,513
kean-s,southern_cone,13
kean-s,gas,10
kean-s,councilforeignrelations,2
kean-s,ebs_redeployment,5
kean-s,metals,2
kean-s,calendar,0
kean-s,cuiba,2
kean-s,inbox,85
kean-s,greenhouse_gas_business,3
kean-s,analyst_associate_program,3
kean-s,republican_leadership,1
kean-s,mergers,1
kean-s,discussion_threads,3733
kean-s,thank_yous,4
kean-s,puhca,1
kean-s,ofccp_audit,6
kean-s,enron_mentions,30
kean-s,iso,5
kean-s,korea,4
kean-s,rto,78
kean-s,tax_issues,7
kean-s,management_conference,1
kean-s,azurix,13
kean-s,enron_litigation,3
kean-s,contributions,4
kean-s,advisory_board_on_electricity_and_the_environment,1
kean-s,rice,35
kean-s,gore,5
kean-s,security,17
kean-s,turkey,3
kean-s,tva,34
kean-s,sec,2
kean-s,hr_data,10
kean-s,emerson,1
kean-s,dynegy_transaction,14
kean-s,corporate_communications,3
kean-s,integration,0
kean-s,vision_and_values,8
kean-s,mckinsey_project,41
kean-s,affiliate_rules,3
kean-s,ohio,13
kean-s,western_governors,2
kean-s,pr___notre_dame,19
kean-s,working_groups,40
kean-s,pipeline_issues,15
kean-s,resume,19
kean-s,california_humor,11
kean-s,press,11
kean-s,pr_crisis_management,92
kean-s,sent_items,458
kean-s,iowa,4
kean-s,world_bank,3
kean-s,speeches,7
kean-s,argentina,1
kean-s,houston,1
kean-s,staff_meeting,4
kean-s,antitrust,16
kean-s,military_privatizations,2
kean-s,trade_issues,3
kean-s,vision,2
kean-s,sent,1315
kean-s,goals_and_objectives_1999,6
kean-s,governor_davis_meeting,8
kean-s,environment___montreal,1
kean-s,non_us_offices,5
kean-s,updates,2
kean-s,enrononline,33
kean-s,california___excess_profits_tax,13
kean-s,crisis,1
kean-s,transco,1
kean-s,pac,1
kean-s,michigan,1
kean-s,analyst_meeting_2001,4
kean-s,compensation_and_benefits,2
kean-s,transportation_market,1
kean-s,japan,61
kean-s,federal_legislation,88
kean-s,earnings_releases,1
kean-s,redeployment,3
kean-s,position_papers,2
kean-s,contact_list,31
kean-s,aviation,4
kean-s,nerc,7
kean-s,networks,3
kean-s,compensation,3
kean-s,campaign_2000,5
kean-s,facilities_services,1
kean-s,washington_office,1
kean-s,enron_credit,2
kean-s,presentations,61
kean-s,archiving,0
kean-s,interconnection,0
kean-s,ebr,4
kean-s,california_pg_e_bankruptcy,16
kean-s,humor,48
kean-s,california___working_group,72
kean-s,senate_testimony_re_california,17
kean-s,enron_advisonry_council,28
kean-s,europe,61
kean-s,administrative,10
kean-s,fire_chief,21
kean-s,enron_global_markets,20
kean-s,mexico,16
kean-s,enron_online_summary,7
kean-s,internal_communications,25
kean-s,florida,3
kean-s,nacec,3
kean-s,hr,9
kean-s,india,75
kean-s,corporate_responsibility,11
kean-s,junk_mail,7
kean-s,prc,25
kean-s,advertising,12
kean-s,ljm,2
kean-s,rail,1
kean-s,california_campaign,19
kean-s,dod,2
kean-s,business_council,8
kean-s,texas,10
kean-s,mtbe,13
kean-s,caliornia___investigations,32
kean-s,environmental_issues,71
kean-s,heat_wave,244
kean-s,bush,15
kean-s,california___demand_buydown,1
kean-s,arena,5
kean-s,federal_emergency,1
kean-s,transition_guide,2
kean-s,resco,1
kean-s,disclosure_rules,1
kean-s,cost_controls,8
kean-s,cec_conference,4
kean-s,bush_transition,13
kean-s,california___emergency_authority,2
kean-s,hr_stats,9
kean-s,project_california,29
kean-s,pennsylvania,1
kean-s,government_affairs_group_reports,1
kean-s,market_structure,34
kean-s,uniform_business_rules,16
kean-s,survey,1
kean-s,attachments,2026
kean-s,reg_risk,34
kean-s,bpa,1
kean-s,electricity_restructuring_advisory_group,7
kean-s,all_documents,4477
kean-s,cftc,26
kean-s,ees,5
kean-s,aadepartment,41
kean-s,opic,2
kean-s,asset_sales,3
kean-s,y2k,3
kean-s,california,682
kean-s,west_virginia,1
kean-s,press_releases,4
kean-s,personnel,40
kean-s,africa,1
kean-s,experience_enron,4
kean-s,resource_management,2
kean-s,wto,30
kean-s,bankruptcy,6
kean-s,project_summer,51
kean-s,international,6
kean-s,mit,1
kean-s,university_relations,3
kean-s,reports,29
kean-s,fuel_cells,1
kean-s,canada,11
kean-s,pge,46
kean-s,budget,26
quigley-d,myfriends,146
quigley-d,_exchange_info,94
quigley-d,mid_market,4
quigley-d,deleted_items,390
quigley-d,calendar,6
quigley-d,inbox,102
quigley-d,bmr,37
quigley-d,fin_desk,43
quigley-d,_exchange_pos,45
quigley-d,sent_items,506
quigley-d,_exchange,32
quigley-d,ina,21
quigley-d,private_folders,0
quigley-d,carr,29
quigley-d,prc,1
horton-s,notes_inbox,22
horton-s,deleted_items,391
horton-s,inbox,73
horton-s,discussion_threads,449
horton-s,sent_items,152
horton-s,sent,291
horton-s,_sent_mail,291
horton-s,all_documents,713
benson-r,notes_inbox,75
benson-r,deleted_items,203
benson-r,calendar,6
benson-r,inbox,274
benson-r,discussion_threads,77
benson-r,sent_items,16
benson-r,sent,7
benson-r,_sent_mail,9
benson-r,all_documents,84
solberg-g,to_do,1
solberg-g,deleted_items,851
solberg-g,tasks,1
solberg-g,inbox,167
solberg-g,sent_items,60
solberg-g,info,1
badeer-r,notes_inbox,115
badeer-r,move,1
badeer-r,cal_articles,8
badeer-r,deleted_items,13
badeer-r,inbox,3
badeer-r,discussion_threads,277
badeer-r,contacts,2
badeer-r,sent_items,7
badeer-r,var,1
badeer-r,_sent_mail,52
badeer-r,dj_articles,7
badeer-r,memo_s,10
badeer-r,capx,6
badeer-r,all_documents,299
badeer-r,california,70
badeer-r,press_releases,6
lay-k,notes_inbox,799
lay-k,deleted_items,1126
lay-k,calendar,8
lay-k,inbox,1373
lay-k,discussion_threads,910
lay-k,sec_panel,3
lay-k,business,2
lay-k,family,8
lay-k,sent_items,13
lay-k,_sent,261
lay-k,sent,266
lay-k,compaq,1
lay-k,elizabeth,35
lay-k,all_documents,1127
lay-k,enron,5
gilbertsmith-d,personal,22
gilbertsmith-d,fundamentals,2
gilbertsmith-d,deleted_items,191
gilbertsmith-d,calendar,32
gilbertsmith-d,inbox,142
gilbertsmith-d,expenses,4
gilbertsmith-d,sent_items,15
gilbertsmith-d,qse,1
gilbertsmith-d,ercot,0
gilbertsmith-d,performance,11
gilbertsmith-d,all_documents,132
gilbertsmith-d,need_to_read,1
lenhart-m,notes_inbox,63
lenhart-m,deleted_items,483
lenhart-m,inbox,44
lenhart-m,discussion_threads,515
lenhart-m,sent_items,767
lenhart-m,sent,1992
lenhart-m,all_documents,2056
swerzbin-m,to_do,1
swerzbin-m,deleted_items,14
swerzbin-m,calendar,2
swerzbin-m,inbox,265
swerzbin-m,sent_items,73
hernandez-j,notes_inbox,398
hernandez-j,to_do,6
hernandez-j,deleted_items,40
hernandez-j,inbox,352
hernandez-j,discussion_threads,824
hernandez-j,sent_items,63
hernandez-j,sent,297
hernandez-j,counterparty_names,1
hernandez-j,_sent_mail,297
hernandez-j,private_folders,0
hernandez-j,24_hr_power,53
hernandez-j,daily_blessings,24
hernandez-j,jrhernandez,9
hernandez-j,all_documents,851
holst-k,deleted_items,235
holst-k,inbox,192
holst-k,sent_items,36
maggi-m,notes_inbox,26
maggi-m,to_do,1
maggi-m,deleted_items,1649
maggi-m,tasks,1
maggi-m,inbox,91
maggi-m,discussion_threads,30
maggi-m,sent_items,116
maggi-m,sent,16
maggi-m,_sent_mail,15
maggi-m,all_documents,46
donohoe-t,notes_inbox,140
donohoe-t,deleted_items,31
donohoe-t,inbox,430
donohoe-t,discussion_threads,172
donohoe-t,sent_items,32
donohoe-t,sent,10
donohoe-t,_sent_mail,10
donohoe-t,all_documents,190
scholtes-d,outbox,0
scholtes-d,credit,18
scholtes-d,to_do,15
scholtes-d,belden,9
scholtes-d,diana_scholtes,0
scholtes-d,ferc,63
scholtes-d,tasks,7
scholtes-d,calendar,2
scholtes-d,inbox,13
scholtes-d,scheduling,4
scholtes-d,lt_contracts,31
scholtes-d,settlements,7
scholtes-d,it,12
scholtes-d,fundementals,5
scholtes-d,sent_items,125
scholtes-d,mid_columbia,8
scholtes-d,west_bank,42
scholtes-d,transmission,42
scholtes-d,travel,1
scholtes-d,policy,6
scholtes-d,stf,19
